shop_id,store_name,offer_details,spending_score_range,gender
1,Puma,Flat 10 % off,30-50,All
1,Puma,Buy 1 get 1 ,51-70,All
1,Puma,Buy 2 get 1 ,70-100,All
2,Big Bazar,Shop 699 get 500 ml sanitiser ,20-45,All
2,Big Bazar,Shop 2000 get 2 litre sanitiser,46-60,All
2,Big Bazar,Buy 1 skybag worth 6000 get 1 skybag worth 2000 free,61-100,All
3,Reliance Trendz,Buy 1 get 1 on women tops worth 1000,30-60,Female
3,Reliance Trendz,2000 INR coupons on shopping worth 5000,50-100,All
4,Caretlane,Free making charges,80-100,Female
4,Caretlane,15% new year discount,30-100,All
5,Burger King,Buy meal for 3 at the cost of 2 ,0-30,All
5,Burger King,Free maharaja burger in any meal,0-100,All
6,Om Book Store,Buy  books worth 1000 get a 8gb sandisk pendrive,30-80,All
7,PVR,Book a pvt movie show in 5000,70-100,All
7,PVR,Your popcorn meal on us for booking 3 or more tickets,50-69,All
8,Shoppers Stop,Buy 3 get 1,70-100,All
8,Shoppers Stop,Flat 20 % discount on men gym wear,30-69,Male
9,Lenskart,Buy 1 spects get one sunglasses free,15-50,All
10,Decathelon,Buy cycle get acessories at flat discount of 25%,65-100,All
10,Decathelon,Flat 20% off on gym equipments,20-64,All
